{"cameraMode":{"drawMode":0,"name":"Shaded","section":"Shading Mode"},"sceneLighting":true,"audioPlay":false,"sceneViewState":{"m_AlwaysRefresh":false,"showFog":true,"showSkybox":true,"showFlares":true,"showImageEffects":true,"showParticleSystems":true,"showVisualEffectGraphs":true,"m_FxEnabled":true},"in2DMode":false,"pivot":{"x":20.643482208251954,"y":1.7872859239578248,"z":42.87214279174805},"rotation":{"x":0.010617686435580254,"y":-0.9861409664154053,"z":0.15087495744228364,"w":0.07026001065969467},"size":0.6127442121505737,"orthographic":false}